scenario,scale_factor,pct_low,pct_medium,pct_high,pct_delinquent_pred,n_low,n_medium,n_high
Baseline,1.0,0.5498417721518988,0.23259493670886075,0.2175632911392405,0.8465189873417721,695,294,275
Mild (-10%),0.9,0.5245253164556962,0.27294303797468356,0.20253164556962025,0.8449367088607594,663,345,256
Moderate (-20%),0.8,0.5268987341772152,0.27848101265822783,0.19462025316455697,0.8520569620253164,666,352,246
Severe (-30%),0.7,0.5221518987341772,0.27610759493670883,0.20174050632911392,0.8591772151898734,660,349,255
